-- phpMyAdmin SQL Dump
-- version 5.1.1
-- https://www.phpmyadmin.net/
--
-- Host: 127.0.0.1
-- Generation Time: Dec 03, 2021 at 10:25 PM
-- Server version: 10.4.20-MariaDB
-- PHP Version: 7.3.29

SET SQL_MODE = "NO_AUTO_VALUE_ON_ZERO";
START TRANSACTION;
SET time_zone = "+00:00";


/*!40101 SET @OLD_CHARACTER_SET_CLIENT=@@CHARACTER_SET_CLIENT */;
/*!40101 SET @OLD_CHARACTER_SET_RESULTS=@@CHARACTER_SET_RESULTS */;
/*!40101 SET @OLD_COLLATION_CONNECTION=@@COLLATION_CONNECTION */;
/*!40101 SET NAMES utf8mb4 */;

--
-- Database: `game_db`
--

-- --------------------------------------------------------

--
-- Table structure for table `assignments`
--

CREATE TABLE `assignments` (
  `id` int(15) NOT NULL,
  `message` varchar(150) NOT NULL,
  `dep` int(15) NOT NULL
) ENGINE=InnoDB DEFAULT CHARSET=utf8mb4;

--
-- Dumping data for table `assignments`
--

INSERT INTO `assignments` (`id`, `message`, `dep`) VALUES
(19, 'test2', 4),
(22, 'Kane kefalaio 2', 3);

-- --------------------------------------------------------

--
-- Table structure for table `assignments_scores`
--

CREATE TABLE `assignments_scores` (
  `id` int(15) NOT NULL,
  `studentid` int(15) NOT NULL,
  `score` int(15) NOT NULL
) ENGINE=InnoDB DEFAULT CHARSET=utf8mb4;

-- --------------------------------------------------------

--
-- Table structure for table `chapters`
--

CREATE TABLE `chapters` (
  `id` int(15) NOT NULL,
  `chapterN` int(15) NOT NULL,
  `class` int(15) NOT NULL
) ENGINE=InnoDB DEFAULT CHARSET=utf8mb4;

--
-- Dumping data for table `chapters`
--

INSERT INTO `chapters` (`id`, `chapterN`, `class`) VALUES
(1, 1, 1),
(2, 2, 1),
(3, 3, 1),
(4, 4, 1),
(5, 5, 1),
(6, 6, 1),
(7, 7, 1),
(8, 8, 1),
(9, 9, 1),
(10, 10, 1),
(11, 1, 2),
(12, 2, 2),
(13, 3, 2),
(14, 4, 2),
(15, 5, 2),
(16, 6, 2),
(17, 7, 2),
(18, 8, 2),
(19, 9, 2),
(20, 10, 2),
(21, 1, 3),
(22, 2, 3),
(23, 3, 3),
(24, 4, 3),
(25, 5, 3),
(26, 6, 3),
(27, 7, 3),
(28, 8, 3),
(29, 9, 3),
(30, 10, 3),
(31, 1, 4),
(32, 2, 4),
(33, 3, 4),
(34, 4, 4),
(35, 5, 4),
(36, 6, 4),
(37, 7, 4),
(38, 8, 4),
(39, 9, 4),
(40, 10, 4),
(41, 1, 5),
(42, 2, 5),
(43, 3, 5),
(44, 4, 5),
(45, 5, 5),
(46, 6, 5),
(47, 7, 5),
(48, 8, 5),
(49, 9, 5),
(50, 10, 5),
(51, 1, 6),
(52, 2, 6),
(53, 3, 6),
(54, 4, 6),
(55, 5, 6),
(56, 6, 6),
(57, 7, 6),
(58, 8, 6),
(59, 9, 6),
(60, 10, 6);

-- --------------------------------------------------------

--
-- Table structure for table `classes`
--

CREATE TABLE `classes` (
  `id` int(15) NOT NULL,
  `description` varchar(50) NOT NULL
) ENGINE=InnoDB DEFAULT CHARSET=utf8mb4;

--
-- Dumping data for table `classes`
--

INSERT INTO `classes` (`id`, `description`) VALUES
(0, 'Δάσκαλος'),
(1, 'Πρώτη'),
(2, 'Δευτέρα'),
(3, 'Τρίτη'),
(4, 'Τετάρτη'),
(5, 'Πέμπτη'),
(6, 'Έκτη'),
(7, 'all');

-- --------------------------------------------------------

--
-- Table structure for table `classic_ranks`
--

CREATE TABLE `classic_ranks` (
  `id` int(11) NOT NULL,
  `user_id` int(15) NOT NULL,
  `chapter` int(15) NOT NULL,
  `score` int(15) NOT NULL
) ENGINE=InnoDB DEFAULT CHARSET=utf8mb4;

--
-- Dumping data for table `classic_ranks`
--

INSERT INTO `classic_ranks` (`id`, `user_id`, `chapter`, `score`) VALUES
(11, 29, 21, 100),
(12, 29, 22, 10),
(13, 29, 23, 50),
(14, 29, 24, 50),
(15, 29, 30, 30);

-- --------------------------------------------------------

--
-- Table structure for table `departments`
--

CREATE TABLE `departments` (
  `id` int(15) NOT NULL,
  `name` varchar(50) NOT NULL,
  `teacher` int(15) NOT NULL,
  `class` int(15) NOT NULL
) ENGINE=InnoDB DEFAULT CHARSET=utf8mb4;

--
-- Dumping data for table `departments`
--

INSERT INTO `departments` (`id`, `name`, `teacher`, `class`) VALUES
(3, 'neoTmima', 30, 3),
(4, 'testDep', 30, 4);

-- --------------------------------------------------------

--
-- Table structure for table `quests`
--

CREATE TABLE `quests` (
  `id` int(15) NOT NULL,
  `question` varchar(300) NOT NULL,
  `q1` varchar(100) NOT NULL,
  `q2` varchar(100) NOT NULL,
  `q3` varchar(100) NOT NULL,
  `q4` varchar(100) NOT NULL,
  `correct` int(15) NOT NULL,
  `chapterID` int(15) NOT NULL,
  `class` int(15) NOT NULL
) ENGINE=InnoDB DEFAULT CHARSET=utf8mb4;

--
-- Dumping data for table `quests`
--

INSERT INTO `quests` (`id`, `question`, `q1`, `q2`, `q3`, `q4`, `correct`, `chapterID`, `class`) VALUES
(1, 'Οι Τιτάνες ήταν παιδιά του/των ', 'Χάους.', 'Ουρανού και Γης.', 'Ουρανού και Ήλιου.', 'Ήλιου και Θάλασσας.', 2, 21, 3),
(2, 'Ο Δίας ήταν παιδί του', 'Κρόνου και της Γης.', 'Κρόνου και της Ρέας.', 'Κρόνου και της Θάλασσας.', 'Άτλαντα και της Ρέας.', 2, 21, 3),
(3, 'Πόσα χρόνια κράτησε η Τιτανομαχία;', '5', '10', '20', '15', 2, 21, 3),
(4, 'Ποιά από τα παρακάτω είναι παιδιά του θεού Δία;', 'Αθηνά, Ποσειδώνας, Άρης', 'Περσεφόνη, Άρτεμη, Απόλλων', 'Δήμητρα, Άρης, Αθηνά', 'Αφροδίτη, Ήφαιστος, Δήμητρα', 2, 21, 3),
(5, 'Τι σημαίνει η φράση \"υπο την αιγίδα (καποιου)\";', 'Προσέχω κάποιον.', 'Κάτω απο την προστασία κάποιου.', 'Με τη βοήθεια κάποιου.', 'Παρατηρώ κάποιον.', 2, 21, 3),
(6, 'Πόσοι ηταν οι Θεοί του Ολύμπου και με τι τρέφονταν;', '12  και έτρωγαν σταφύλια και νέκταρ', '12 και έτρωγαν νέκταρ και κρασί', '11 και έτρωγαν νέκταρ και αμβροσία', '12 και έτρωγαν νέκταρ και αμβροσία', 4, 21, 3),
(7, 'Ποιό ήταν το σύμβολο των Θεών Ποσειδώνα/Δία/Ήρας', 'Τρίαινα / Αετός / Ρόδι', 'Άλογο / Κεραυνός/ Βέλος', 'Τρίαινα / Σκήπτρο / Τόξο', 'Περικεφαλαία / Κεραυνός / Σκήπτρο', 1, 21, 3),
(8, 'Ο Ηρακλής ήταν παιδί των', 'Αμφιτρύωνα και Αλκμήνης.', 'Δία και Αλκμήνης.', 'Ποσειδώνα και Αλκμήνης.', 'Αγαμέμνονα και Αλκμήνης.', 2, 22, 3),
(9, 'Ο Ηρακλής έγινε ημίθεος επειδή', 'Ήπιε γάλα από το στήθος της Ήρας.', 'Ήταν παιδί του Δία.', 'Έπνιξε δύο φίδια.', 'Ήταν πολύ δυνατός.', 1, 22, 3),
(10, 'Κατά τους αρχαίους πώς δημιουργήθηκε ο Γαλαξίας και τα αστέρια;', 'Τα δημιούργησε ο Κρόνος με τους Τιτάνες.', 'Τα δημιούργησε ο Δίας.', 'Δημιουργήθηκαν όταν χύθηκε γάλα της Ήρας.', 'Δημιουργήθηκαν απο όλους τους Ολύμπιους Θεούς.', 3, 22, 3),
(11, 'Ποιο κατόρθωμα εκανε ο Ηρακλής οταν ήταν μωρό.', 'Έπνιξε ένα φίδι.', 'Έπνιξε δύο φίδια.', '\'Επνιξε έναν άγριο σκύλο.', 'Έπνιξε ένα λιοντάρι.', 2, 22, 3),
(12, 'Γιατί αναγκάστηκε να πάει στο μαντείο των Δελφών ο Ηρακλής;', 'Γιατί τον τρέλανε η Ήρα και σκότωσε την οικογένειά του.', 'Γιατί ήθελε να γίνει βασιλιάς της Θήβας.', 'Ήθελε χρησμό από τη Πυθία για να κερδίσει μία μάχη.', 'Ήθελε χρησμό για να βρεί ένα όπλο ενταντίον της \'Ηρας.', 1, 22, 3),
(13, 'Τι συμβούλεψε η Πυθία τον Ηρακλή να κάνει για να γίνει αθάνατος;', 'Να ξεκινήσει πόλεμο εναντίο του Ευρυσθέα.', 'Να σκοτώσει τον Ευρυσθέα.', 'Να φάει τα μήλα των Εσπερίδων.', 'Να γυρίσει στις Μυκήνες και να γίνει υπηρέτης του. ', 4, 22, 3),
(14, 'Τι έκανε ο Ηρακλής στον πρώτο άθλο του;', 'Σκότωσε τη Λερναία Ύδρα.', 'Καθάρισε τους στάβλους του Αυγεία.', 'Έπνιξε το λιοντάρι της Νεμέας με τα χέρια του.', 'Έπιασε τον κόπρο του Ερύμανθου', 3, 22, 3),
(15, 'Τι ήταν η Λερναία Ύδρα;', 'Ένα τεράστιο φίδι με πολλά πόδια.', 'Ένα σκυλί με τρία κεφάλια.', 'Μία νεράιδα απο το νησί Ύδρα.', 'Ένα φίδι με εννέα κεφάλια.', 4, 22, 3),
(16, 'Πώς έπιασε ο Ηρακλής ζωντανό τον κάπρο του Ερύμανθου; (3ος αθλος)', 'Έστησε παγίδα.', 'Τον τραυμάτισε με το τόξο του.', 'Τον περικύκλωσε με τους συντρόφους του.', 'Τον κυνηγούσε μέχρι που εξαντλήθηκε.', 4, 22, 3),
(17, 'Πώς σκότωσε ο Ηρακλής την Λερναία Ύδρα;', 'Με το σπαθί του.', 'Την έπνιξε με τα χέρια του.', 'Της έκοψε ένα-ένα τα κεφάλια και ο Ιόλαος τα καυτη', 'Με το τόξο του.', 3, 22, 3),
(18, 'Πώς έπιασε ο Ηρακλής το ιερό ελάφι της Θεάς Άρτεμης;', 'Το χτύπησε με βέλος στο πόδι. ', 'Το έπιασε με παγίδα.', 'Το κυνηγούσε επί μέρες μέχρι που κουράστηκε.', 'Το έπιασε με τα χέρια του.', 1, 22, 3),
(19, 'Πώς καθάρισε ο Ηρακλής τους στάβλους τους Αυγεία;', 'Με σκούπα και φτύαρι. ', 'Χρησιμοποίησε δούλους.', 'Έκανε εκτροπή 2 ποταμών και πέρασαν απο μέσα.', 'Προσευχήθηκε και ο Δίας έστειλε καταιγίδα που τους καθάρισε.', 3, 22, 3),
(20, 'Τι ήταν οι Στυμφαλίδες Όρνιθες;', 'Πουλιά που έκανα χρυσά αυγά.', 'Πουλιά με χρυσά φτερά.', 'Πουλιά με μεταλλικά ράμφη που έτρωγαν ανθρώπους.', 'Πανέμορφα πουλιά που ζούσαν στην Στυμφαλία.', 3, 22, 3),
(21, 'Γιατί θύμωσε ο Δίας με τον Προμηθέα;', 'Γιατί ο Προμηθέας ήθελε την Ήρα.', 'Γιατί ο Προμηθέας βεβήλωσε έναν ναό αφιερωμένο στον Δία.', 'Γιατί έκλεψε την φωτιά και την έδωσε στον άνθρωπο.', 'Γιατί έκλεψε τον κεραυνό και τον έδωσε στον Άρη.', 3, 21, 3),
(22, 'Πώς τιμώρησε τον Προμηθέα ο Δίας;', 'Τον έκαψε με κεραυνό.', 'Τον έδεσε σε ενα βράχο για 30 χρόνια.', 'Τον έκλεισε στα Τάρταρα για 30 χρόνια.', 'Τον έπνιξε στη θάλασσα.', 2, 21, 3),
(23, 'Πώς τιμώρησε τους ανθρώπους που δέχτηκαν το δώρο του Προμηθέα;', 'Τους έστειλε αρρώστιες.', 'Τους έστειλε την Πάνδώρα με ένα πιθάρι γεμάτο συμφορές.', 'Τους έστειλε τον Άρη για να ξεκινήσουν πόλεμο μεταξύ τους.', 'Τους έβαλε να δουλεύουν σκληρά ώστε να του φτιάξουν ναό.', 2, 21, 3),
(24, 'Για να παρηγορήσει τους ανθρώπους για τις συμφορές ο Δίας έστειλε την ', 'Αθηνά.', 'Ήρα.', 'Ελπίδα.', 'Περσεφόνη.', 3, 21, 3),
(25, 'Από πού κατάγονται οι Έλληνες σύμφωνα με τη μυθολογία τους;', 'Απο τον ύιο του Δευκαλίωνα.', 'Από τους Θεούς του Ολύμπου.', 'Από τον Ουρανό και την Θάλασσα.', 'Από τον Δία.', 1, 21, 3),
(26, 'Τι ιδιαίτερο είχε ο Ταύρος του Μίνωα;', 'Είχε χρυσά κέρατα.', 'Έβγαζε φλόγες απο το στόμα.', 'Ήταν ιερός.', 'Όλα τα παραπάνω.', 2, 22, 3),
(27, 'Πώς έφερε στις Μυκήνες, ο Ηρακλής, τα άλογα του Διομήδη', 'Τα αγόρασε απο το Διομήδη.', 'Τα έκλεψε απο το Διομήδη.', 'Έπεισε το Διομήδη να του τα δώσει.', 'Σκότωσε το Διομήδη και έπιασε τα άλογα', 4, 22, 3),
(28, 'Τι ήταν οι Αμαζόνες;', 'Γυναίκες με υπερφυσικές δυνάμεις.', 'Πανέμορφες γυναίκες που παντεύονταν βασιλιάδες.', 'Γυναίκες φιλοπόλεμες, ικανότατες στην ιππασία και τη μάχη. ', 'Φυλή γυναικών που ζούσε στον Αμαζόνιο.', 3, 22, 3),
(29, 'Τι ήταν ο Γηρυόνης;', 'Μεγάλος σκύλος.', 'Μεγάλος λύκος.', 'Τέρας με 3 σώματα και πολλά πόδια.', 'Σκύλος με 3 κεφάλια.', 3, 22, 3),
(30, 'Τι ήταν ο Κέρβερος;', 'Τέρας με 3 σώματα και πολλά πόδια.', 'Σκυλί με 3 κεφάλια.', 'Φίδι με 9 κεφάλια.', 'Τέρας με σώμα λιονταριού και κεφάλι ανθρώπου.', 2, 22, 3),
(31, 'Πώς κατάφερε στο τελευταίο άθλο του, ο Ηρακλής να πάρει τα μήλα των Εσπερίδων;', 'Τον βοήθησε ο Δίας με τον Ποσειδώνα.', 'Τον βοήθησαν ο Προμηθέας, ο Άτλαντας και η νύμφες Εσπερίδες.', 'Τον βοήθησε η Θεά Αθηνά.', 'Τον βοήθησε ο Ιόλαος με τη Θεά Αθηνά και τον Δία.', 2, 22, 3),
(32, 'Πώς κατάφερε ο Ηρακλής να ζήσει για πάντα με τους Θεούς στον Όλυμπο;', 'Αφού κατόρθωσε τους άθλους συμφιλιώθηκε με την Ήρα και παντρεύτηκε τη κόρη της , Ήβη.', 'Μετά τους άθλους απήγαγε την Ήβη κόρη της Ήρας και απαίτησε μια θέση στον Όλυμπο.', 'Η ολοκλήρωση των άθλων ήταν ο μόνος όρος για να μείνει στον Όλυμπο.', 'Ο Δίας διέταξε όλους τους θεούς/ες να δεχτούν τον Ηρακλή στον Όλυμπο.', 1, 22, 3),
(33, 'Ο Θησέας ήταν .... του Αιγέα.', 'αδελφός ', 'πατέρας', 'δάσκαλος', 'γιός', 4, 23, 3),
(34, 'Ο Αιγέας ήταν βασιλιάς της ', 'Σπάρτης.', 'Αθήνας.', 'Τροιζήνας.', 'Θήβας.', 2, 23, 3),
(35, 'Πού έκρυψε ο Αιγέας το σπαθί και τα σανδάλια;', 'Πάνω σε ένα δέντρο', 'Σε ένα λάκο.', 'Σε ένα ναό.', 'Κάτω από ένα βράχο.', 4, 23, 3),
(36, 'Ποιά ήταν η μητέρα του Θησέα;', 'Η Αλκμήνη.', 'Η Αθηνά.', 'Η Άλκιστη.', 'Η Αίθρα.', 4, 23, 3),
(37, 'Ο Αιγέας αναγνώρισε το Θησέα από...', 'Τη λεοντή. ', 'Από ένα σημάδι στο κορμί του.', 'Από τα μάτια.', 'Απο το σπαθί και τα σανδάλια.', 4, 23, 3),
(38, 'Ποιούς σκότωσε ο Θησέας μέχρι να φτάσει στην Αθήνα;', 'Προκρούστη, Σκίρωνα, Σίνη, Περιφήτη', 'Προκρούστη, Αγησίλαο, Φορμίωνα, Σκιπίωνα', 'Προκρούστη, Φορμίωνα,Σίνη, Ιάκωβο', 'Προκρούστη, Σίνη, Σκιπίωνα, Αγησίλαο', 1, 23, 3),
(39, 'Τι φόρο πλήρωναν οι Αθηναίοι στο Μίνωα;', '2 καράβια το χρόνο.', '2.000 χρυσά και ασημέρνια νομίσματα το χρόνο', '7 άντρες και 7 γυναίκες το χρόνο ', '100 εργάτες (δούλους) το χρόνο', 3, 23, 3),
(40, 'Τι ήταν ο Μινώταυρος;', 'Ένας μεγάλος ταύρος με ένα κέρατο.', 'Τέρας με σώμα ταύρου και κεφάλι ανθρώπου.', 'Τέρας με κεφάλι ταύρου και ανθώπινο σώμα.', 'Τέρα με κεφάλι ταύρου και σώμα αλόγου.', 3, 23, 3),
(41, 'Τι δήλωναν τα μαύρα πανιά;', 'Ότι πέθανε ο Θησέας.', 'Ότι πέθανε ο Μινώταυρος.', 'Ότι πέθανε ο Μίνωας.', 'Ότι πέθανε η Αριάδνη.', 1, 23, 3),
(42, 'Τι ήταν ο μίτος της Αριάδνης;', 'Ένα κουβάρι νήμα.', 'Μία χρυσή ασπίδα.', 'Μία πυξίδα της εποχής.', 'Ένας χάρτης του λαβύρινθου.', 1, 23, 3),
(43, 'Γιατί ξέχασε να αλλάξει τα πανιά ο Θησέας; ', 'Τον πήρε ο ύπνος.', 'Από τη στεναχώρια του που έχασε την Αριάδνη.', 'Ήθελε να κάνει πλάκα στον πατέρα του.', 'Δε ξέχασε αλλά το έκαναν οι άντρες του επίτηδες.', 2, 23, 3),
(44, 'Αιγαίο πέλαγος ονομάστηκε γιατί...', 'εκεί κολυμπούσε ο Αιγέας.', 'ανήκε στον Αιγέα.', 'αυτοκτόνησε σε αυτό ο Αιγέας.', 'έστι το ονόμασε ο Αιγέας προς τιμή του.', 3, 23, 3),
(45, 'Ποιά παντρεύτηκε ο Θησέας;', 'Την Φαίδρα.', 'Την Αριάδνη.', 'Την Ηλέκτρα.', 'Την Αθηνά.', 1, 23, 3),
(46, 'Πώς πέθανε ο Θησέας;', 'Από γεράματα.', 'Τον σκότωσε η γυναίκα του. ', 'Τον σκότωσε ο Λυκομήδης. ', 'Τον σκότωσε ο Αιγέας.', 3, 23, 3),
(47, 'Πού ήταν ο τάφος του Θησέα; ', 'Στη Σύρο.', 'Στη Σκύρο.', 'Στη Σύμη.', 'Στο Σούνιο.', 2, 23, 3),
(48, 'Πώς δραπέτευσαν ο Ίκαρος και ο Δαίδαλος από το παλάτι του Μίνωα;', 'Έκαναν φτερά από κερί και πέταξαν.', 'Με καράβι.', 'Κολυμπώντας πολλές ώρες.', 'Τους πήρε μαζί του ο Θησέας.', 1, 23, 3),
(49, 'Ο Φρίξος και η Έλλη ήταν παιδιά των ...', 'Πελία και Μυρτώ', 'Αθάμα και Ηλέκτρα', 'Πελία και Νεφέλη', 'Αθάμα και Νεφέλη', 4, 24, 3),
(50, 'Ο Φρίξος και η Έλλη είχαν την Ινώ ...', 'κόρη τους.', 'γιαγιά τους.', 'μητριά τους.', 'θεία του.', 3, 24, 3),
(51, 'Γιατί ο Αθάμας έπρεπε να θυσιάσει το Φρίξο;', 'Για να βρέξει.', 'Για περισσότερη σοδειά.', 'Για να κρατήσει το θρόνο.', 'Για να καρπίσει η γη', 4, 24, 3),
(52, 'Απο πού πήρε το όνομά του ο Ελλήσποντος;', 'Από την Έλλη κόρη του Άθαμα που έπεσε εκεί.', 'Από την Έλλη κόρη του Άθαμα που κολυμπούσε εκεί.', 'Από την Έλλη κόρη του Άθαμα που ψάρευε εκεί.', 'Από την Έλλη κόρη του Άθαμα που έκανε βόλτες εκεί.', 1, 24, 3),
(53, 'Ποίος έσωσε το Φρίξο απο τη θυσία; ', 'Η Νεφέλη.', 'Η Έλλη.', 'Η Θεά Αθηνά.', 'Ο Θεός Δίας.', 1, 24, 3),
(54, 'Τι ήταν το χρυσόμαλλο δέρας; ', 'Το δέρμα ενός κριαριού.', 'Το δέρμα μίας κατσίκας.', 'Το δέρμα ενός ελαφιού.', 'Το δέρμα ενός φιδιού.', 1, 24, 3),
(55, 'Ο Πελίας ήταν θείος του ...', 'Ηρακλή.', 'Ιόλαου.', 'Θησέα.', 'Ιάσονα.', 4, 24, 3),
(56, 'Οι Δελφοί είπαν στον Πελία να φοβάται ποιόν;', 'Του Θεούς.', 'Τους Κενταύρου.', 'Τον μονοσάνδαλο.', 'Τα παιδιά του.', 3, 24, 3),
(57, 'Τι ζήτησε ο Πελίας από τον Ιάσονα για να του δώσει το θρόνο;', 'Το χρυσόμμαλο δέρας.', 'Να σκοτώσει τον κένταυρο Χείρωνα.', 'Να φτιάξει το μεγαλύτερο καράβι του βασιλείου.', 'Να σκοτώσει το Θησέα.', 1, 24, 3),
(58, 'Ποιές Θεές βοήθησαν τον Ιάσονα;', 'Η Ήρα και η Άφροδίτη.', 'Η Ήρα και η Αθηνά.', 'Η Αθηνά και η Άφροδιτη.', 'Η Αθηνά και η Δήμητρα.', 2, 24, 3),
(59, 'Τι ήταν ο Άργος;', 'Μεγάλος μάντης.', 'Κένταυρος.', 'Τεχνίτης πλοίων.', 'Εχθρός του Ιάσονα.', 3, 24, 3),
(60, 'Ο μάντης Φινέας προιδοποίησε τους Αργοναύτες για ...', 'Κακό καιρό.', 'Πειρατές.', 'Τις Συμπληγάδες Πέτρες.', 'Ζημιά στο πλοίο.', 3, 24, 3),
(61, 'Τι ήταν η Αργώ;', 'Γυναίκα του Ιάσονα.', 'Το πλοίο που έφτιαξε ο Άργος.', 'Η γυναίκα το Άργου.', 'Η κόρη του Άργου.', 2, 24, 3),
(62, 'Οι Αργοναύτες ήταν ...', 'ναύτες απο το Άργος.', 'εχθροί του Ιάσονα.', 'ψαράδες. ', 'σύντροφοι του Ιάσονα στην Άργω.', 4, 24, 3),
(63, 'Τι ήταν οι Συμπληγάδες Πέτρες;', 'Τεράστιοι βράχοι που κινούνταν και κατέστρεφαν πλοία.', 'Βράχοι που πέφταν από τον ουρανό και κατέστρεφαν πλοία.', 'Βράχοι που συμβόλιζαν την είσοδο στο λιμάνι της Αθήνας.', 'Τεράστιοι Βράχοι που προστάτευαν τα πλοία απο τρικυμίες.', 1, 24, 3),
(64, 'Τι ζώο άφησαν να περάσει πρώτα από τις Συμπληγάδες οι Αργοναύτες;', 'Έναν αετό.', 'Ένα περιστέρι.', 'Ένα κοράκι.', 'Ένα γεράκι.', 2, 24, 3),
(65, 'Ποιοι βοήθησαν τον Ιάσονα στους άθλους του;', 'Η Μήδεια και ο Ορφέας.', 'Η Μήδεια και η θεά Άρτεμης.', 'Η θεά Άρτεμης και ο Ορφέας.', 'Ο Ορφέας και οι γυναίκες τις Κολχίδας.', 1, 24, 3),
(66, 'Πώς πήρε το χρυσόμαλλο δέρας ο Ιάσονας;', 'Σκότωσε το δράκο.', 'Τύφλωσε το δράκο.', 'Έπεισε το δράκο να του το δώσει.', 'Κοίμησε το δράκο.', 4, 24, 3),
(67, 'Πώς πέθανε ο Ιάσονας;', '\'Επεσε ένα ξύλο από την Αργώ στο κεφάλι του.', 'Τον σκότωσε ο γίος του.', 'Πνίγηκε στη θάλασσα.', 'Από βαθιά γεράματα.', 1, 24, 3),
(68, 'Η Έριδα ήταν θεά της ...', 'Αγάπης.', 'Σοφίας.', 'Φιλονικίας.', 'Γής και των δέντρων.', 3, 25, 3),
(69, 'Ποιές θεές μάλωναν για το χρυσό μήλο που έγραφε \"στην ομορφότερη\";', 'Αφροδίτη, Αθηνά, Δήμητρα.', 'Αφροδίτη, Αθηνά, Ήρα.', 'Αφροδίτη, Ήρα, Δήμητρα.', 'Αφροδίτη, Ήρα, Έριδα.', 2, 25, 3),
(70, 'Σε ποίον έστειλε ο Δίας τις τρείς θεές για να διαλέξει την ομορφότερη;', 'Στον Ποσειδώνα.', 'Στον Αχιλλέα.', 'Στον Έκτορα.', 'Στον Πάρη.', 4, 25, 3),
(71, 'Ποία θεά δίαλεξε ο Πάρης για να της δώσει το μήλο;', 'Την Αθηνά.', 'Την Ήρα.', 'Την Δήμητρα.', 'Την Αφροδίτη.', 4, 25, 3),
(72, 'Τι υποσχέθηκε η Αφροδίτη στον Πάρη;', 'Να του βρει την πιο όμορφη γυναίκα.', 'Να τον κάνει μεγάλο πολεμιστή.', 'Να τον κάνει βασιλιά της Ελλάδας.', 'Να τον παντρευτεί.', 1, 25, 3),
(73, 'Ποιά θεωρούνταν η ομορφότερη γυναίκα απο τις παρακάτω;', 'Η Αλκμήνη.', 'Η Άλκιστη.', 'Η Νεφέλη.', 'Η Ελένη.', 4, 25, 3),
(74, 'Με ποιόν ήταν παντρεμένη η Ελένη;', 'Του Αγαμέμνομα.', 'Του Οδυσσέα.', 'Του Μενέλαου.', 'Του Έκτορα.', 3, 25, 3),
(75, 'Που πήγε ο Πάρης την Ελένη αφού την πήρε μη την βοήθεια της Αφροδίτης απο τον άντρα της;', 'Στη Σπάρτη.', 'Στην Αθήνα.', 'Στη Θήβα.', 'Στην Τροία.', 4, 25, 3),
(76, 'Από ποιον ζήτησε βοήθεια ο Μενέλαος για να βρει την Ελένη;', 'Από τους Θεούς.', 'Από τον Θησέα και τον Ηρακλή.', 'Από τον Αγαμέμνονα.', 'Από τον Έκτορα.', 3, 25, 3),
(77, 'Πού μαζεύτηκαν οι Αχαιοί με αρχήγο τον Αγαμέμνονα για να εκστρατεύσουν;', 'Στο λιμάνι της Αθήνας.', 'Στο λιμάνι της Αυλίδας.', 'Στο λιμάνι της Κορίνθου.', 'Στη Σαλαμίνα.', 2, 25, 3),
(78, 'Ποιον ρώτησαν οι Αχαιοί να τους βρει λύση για την ανυπαρξία ανέμου για να μπορέσουν να σαλπάρουν; ', 'Τον Οδυσσέα.', 'Την Πυθία.', 'Τον Τηρεσία.', 'Τον μάντη Κάλχα.', 4, 25, 3),
(79, 'Γιατί δε φυσούσε αέρας όταν ήθελαν να σαλπάρουν οι Αχαιοί;', 'Είχε θυμώσει ο Αίολος.', 'Είχε θυμώσει ο Δίας.', 'Είχε θυμώσει η Άρτεμης.', 'Δεν είχαν κάνει δωρεές στους Θεούς.', 3, 25, 3),
(80, 'Τι έπρεπε να κάνουν οι Αχαιοί για να φυσήξει άνεμος;', 'Να θυσιάσουν έναν ταύρο στους θεούς.', 'Να θυσιάσει ο Αγαμέμνονας τη Κλυταιμνήστρα.', 'Να θυσιάσει ο Αγαμέμνονας την Ιφιγένεια.', 'Να θυσιάσουν τον πρώτο γιο του Αγαμέμνονα.', 3, 25, 3),
(81, 'Τι έγινε και φύσηξαν οι άνεμοι;', 'Η Άρτεμης έστειλε στη θέση της Ιφιγένειας ένα ελάφι να Θυσιαστεί;', 'Θυσιάστηκε η Ιφιγένεια.', 'Θυσιάστηκε η Κλυταιμνήστρα.', 'Θυσιάστηκε ο Αγαμέμνονας.', 1, 25, 3),
(82, 'Τι ήταν οι Οινότροπες;', 'Κόρες του Άνιου, ιερέα του ναού του Απόλλωνα της Δήλου.', 'Μάντισσες του ναού των Δελφών.', 'Ιέρειες του ναού του Απόλλωνα της Δήλου.', 'Όμορφες γυναίκες που έπιναν κρασί.', 1, 25, 3),
(83, 'Ποια ήταν τα ονόματα των Οινοτρόπων;', 'Οινώ, Σπερμώ, Ελαΐδα', 'Αθηναΐδα, Ερατώ, Οινώ', 'Περσίδα, Ναυσικά, Σπερμώ', 'Ελαΐδα, Οινώ, Μενελαΐδα', 1, 25, 3),
(84, 'Ταξιδεύοντας για την Τροία οι Αχαιοί πέρασαν από ...', 'την Κρήτη.', 'τη Σκύρο.', 'τη Θεσσαλονίκη.', 'τη Δήλο.', 4, 25, 3),
(85, 'Βασιλιάς της Τροίας ήταν ο ...', 'Έκτορας.', 'Πάρης.', 'Πρίαμος.', 'Πρωτεσίλαος.', 3, 25, 3),
(86, 'Τι είπε η Θέτιδα στους Αχαιούς;', 'Ο πρώτος που θα πατούσε στο χώμα της Τροίας θα έπεφτε νεκρός.', 'Ο πόλεμος θα κρατήσει 10 χρόνια.', 'Οι Αχαιοί θα κερδίσουν γρήγορα τον πόλεμο.', 'Ο Αχιλλέας θα πρέπει να γίνει βασιλιάς των Αχαιών αν θέλουν να κερδίσουν.', 1, 25, 3),
(87, 'Πώς σκοτώθηκε ο Πρωτεσίλαος; ', 'Πήδηξε νωρίς από το καράβι και πνίγηκε.', 'Πάτησε πρώτος στο χώμα της Τροίας και τον σκότωσε ο Έκτορας.', 'Προσπάθησε να προδώσει τους Αχαιούς και εκείνοι τον σκότωσαν.', 'Από γεράματα και ως νικητής της Τροίας.', 2, 25, 3),
(88, 'Ποιοι Θεοί ήταν με το μέρος των Τρώων;', 'Ο Άρης, η Αφροδίτη, ο Απόλλωνας.', 'Ο Ερμής, ο Ήφαιστος, η Εστία.', 'Ο Ποσειδώνας, η Ήρα, η Αθηνά.', 'Ο Διόνυσος, ο Αίολος, ο Απόλλωνας.', 1, 25, 3),
(89, 'Ποιοι θεοί ήταν με το μέρος των Αχαιών;', 'Ο Διόνυσος, ο Αίολος, ο Απόλλωνας.', 'Ο Ποσειδώνας, η Ήρα, η Αθηνά.', 'Ο Ερμής, ο Ήφαιστος, η Εστία.', 'Ο Άρης, η Αφροδίτη, ο Απόλλωνας.', 2, 25, 3),
(90, 'Πόσα χρόνια πολεμούσαν οι Αχαιοί στην Τροία; ', '20', '10', '15', '5', 2, 25, 3),
(91, 'Τι συνέβη τον τελευταίο χρόνο του πολέμου και δεν πήγαιναν καλά τα πράγματα για τους Αχαιούς;', 'Τσακώθηκαν ο Αχιλλέας και ο Αγαμέμνονας.', 'Σκοτώθηκε ο Αγαμέμνονας.', 'Θύμωσαν οι Θεοί γιατί δεν τους έκαναν θυσίες.', 'Ο Αχιλλέας πήγε με το μέρος της Τροίας.', 1, 25, 3),
(92, 'Πώς τιμώρησε ο Απόλλωνας τους Αχαιούς επειδή ο Αγαμέμνονας δεν έδινε τη Χρυσηίδα στον πατέρα της;', 'Διέταξε τον Αγαμέμνονα να το κάνει αλλιώς θα σκότωνε όλους τους Αχαιούς.', 'Πήγε αόρατος στο στρατόπεδο των Αχαιών και τους χτυπούσε με τα βέλη του.', 'Έστειλε ασθένειες στους Αχαιούς.', 'Σκότωσε τον Αχιλλέα σα τιμωρία.', 2, 25, 3),
(93, 'Μετά απο πόσες μέρες συμφορών έδωσε τη Χρυσηίδα στο Χρύση ο Αγαμέμνονας;', '10', '9', '8', '7', 2, 25, 3),
(94, 'Γιατί τσακώθηκε ο Αχιλλέας με τον Αγαμέμνονα; ', 'Γιατί ο Αχιλλέας ήθελε να γίνει εκείνος βασιλιάς.', 'Γιατί ο Αγαμέμνονας ζήτησε τη Βρισηίδα απο τον Αχιλλέα.', 'Γιατί ο Αχιλλέας ζήτησε χρυσό και ασήμι για τις υπηρεσίες του.', 'Γιατί ο Αγαμέμνονας προσπάθησε να σκοτώσει τον Αχιλλέα.', 2, 25, 3),
(95, 'Τι έκανε ο Αχιλλέας όταν ο Αγαμέμνονας πήρε την Βρισηίδα;', 'Τίποτα απλά σταμάτησε να πολεμάει.', 'Θύμωσε και παραλίγο να σκοτώσει τον Αγαμέμνονα αν δεν τον σταμάταγε η θεά Αθηνά.', 'Πήγε και πήρε τη Βρισηίδα πίσω.', 'Σκότωσε τον Αγαμέμνονα πάνω στο θυμό του.', 2, 25, 3),
(96, 'Ποιο ήταν το αποτέλεσμα της οργής του Αχιλλέα;', 'Δεν πολεμούσαν οι Αχαιοί.', 'Πολεμούσαν μόνο οι Μυρμιδόνες.', 'Ανέβηκε το ηθικό των Τρώων και οι Αχαιοί είχαν πολλούς νεκρούς.', 'Οργίστηκαν ο Οδυσσέας και ο Αίαντας.', 3, 25, 3),
(97, 'Τι ζήτησε ο Πάτροκλος από τον Αχιλλέα; ', 'Να του δώσει τον εξοπλισμό του.', 'Να ξεχάσει το θυμό του και να πολεμήσει.', 'Να συνεργαστεί με τον Οδυσσέα και τον Αίαντα.', 'Να πάνε με τη μεριά των Τρώων.', 1, 25, 3),
(98, 'Ποιος σκότωσε τον Πάτροκλο και με ποιο τρόπο;', 'Ο Έκτορας μετά από μάχη.', 'Ο Πάρης με βέλος.', 'Ο Αχιλλέας πάνω στο θυμό του.', 'Ο Αγαμέμνονας για να κάνει τον Αχιλλέα να πολεμήσει.', 1, 25, 3),
(99, 'Πώς εκδικήθηκε το θάνατο του Πατρόκλου ο Αχιλλέας;', 'Προκάλεσε σε μάχη τον Πάρη και τον στότωσε.', 'Προκάλεσε σε μάχη τον Έκτορα και τον σκότωσε.', 'Έστειλε δολοφόνους να σκοτώσουν τον Έκτορα και τον Πρίαμο.', 'Έστειλε δολοφόνους να σκοτώσουν τον Έκτορα και τον Πάρη.', 2, 25, 3),
(100, 'Πως αντιμετώπισε τελικά το σώμα του νεκρού Έκτορα ο Αχιλλέας;', 'Το έκαψε και έδωσε τις στάχτες στον Πρίαμο.', 'Το έθαψε χωρίς τιμές και ατιμωτικά για να τον εκδικηθεί', 'Διέταξε να αποδωθούν τιμές και να παραδωθεί στον Πρίαμο.', 'Το πέταξε στη θάλασσα για να μη βρεθεί.', 3, 25, 3),
(101, 'Ποιό ήταν το αδύναμο σημείο στο σώμα του Αχιλλέα; ', 'Δεν είχε αδύναμο σημείο.', 'Τα χέρια του.', 'Ο λαιμός του.', 'Οι φτέρνες του', 4, 25, 3),
(102, 'Πώς σκοτώθηκε ο Αχιλλέας;', 'Από τον Πάρη χτυπημένος με φαρμακωμένο βέλος στη φτέρνα.', 'Από τον Φιλοκτήτη χτυπημένος με φαρμακωμένο βέλος στη φτέρνα.', 'Από τον Πάρη σε μονομαχία.', 'Από τον Έκτορα σε μονομαχία.', 1, 25, 3),
(103, 'Πώς σκοτώθηκε ο Πάρης;', 'Τον σκότωσε η Ελένη.', 'Τον σκότωσε ο Αχιλλέας', 'Από γεράματα.', 'Από τον Φιλοκτήτη χτυπημένος με φαρμακωμένο βέλος στη φτέρνα.', 4, 25, 3),
(104, 'Πώς τίμησαν τον νεκρό Αχιλλέα οι Αχαιοί;', 'Τελετουργικά για 17 μέρες και έβαλαν τα οστά με του Πάτροκλου.', 'Τον γύρισαν στην πατρίδα του με τον Πάτροκλο.', 'Δεν τον τίμησαν γιατί είχε σταματήσει να πολεμάει.', 'Τον έθαψαν και πένθησαν 3 μέρες.', 1, 25, 3),
(105, 'Τι ήταν ο Δούρειος Ίππος; ', 'Ένα μεγάλο άλογο πολύ ικανό στη μάχη.', 'Το άλογο του πολεμιστή Δούρειου.', 'Ενα τεράστιο ξύλινο άλογο με κούφιο εσωτερικό.', 'Μία πολιορκητική μηχανή μεταλλική που είχε το σχήμα αλόγου.', 3, 25, 3),
(106, 'Τίνος ιδέας ήταν ο Δούρειος Ίππος;', 'Του Αγαμέμνονα.', 'Του Μενέλαου.', 'Του Αχιλλέα.', 'Του Οδυσσέα.', 4, 25, 3),
(107, 'Τι έγραφε πάνω στον Δούρειο Ίππο; ', '\"Δώρο των Αχαιών στην Αθηνά\".', '\"Δώρο των Αχαιών στον Δία\".', '\"Δώρο των Αχαιών στους Θεούς\".', '\"Δώρο των Αχαιών στους Τρώες\".', 1, 25, 3),
(108, 'Τι έκαναν οι Τρώες όταν βρήκαν τον Δούρειο Ίππο; ', 'Πίστεψαν πως θα τους προστάτευε η Αθηνά και το έβαλαν στη πόλη.', 'Το έκαψαν γιατί πίστευαν μόνο στον Απόλλωνα.', 'Το άφησαν εκεί που το βρήκαν.', 'Το έκαναν κομμάτια.', 1, 25, 3),
(109, 'Ποιοι θεώρησαν ότι δεν είναι δώρο ο Δούρειος Ίππος;', 'Η Κασσάνδρα και ο Λαοκόωντας.', 'Η Κασσάνδρα και ο Πρίαμος.', 'Ο Πρίαμος και η Ελένη.', 'Η Ελένη και ο Λαοκόωντας.', 1, 25, 3),
(110, 'Πώς τέλειωσε ο πόλεμος Αχαιών-Τρώων;', 'Οι Αχαιοί βγήκαν από τον Δούρειο Ίππο μέσα στην Τροία και σκότωσαν τους Τρώες.', 'Οι Τρώες έκαψαν τον Δούρειο Ίππο και έτσι απέτυχε το σχέδιο των Αχαιών.', 'Οι Αχαιοί κατάφεραν να σπάσουν τα τείχη της Τροίας.', 'Οι Αχαιοί έφυγαν καθώς δε μπορούσαν να νικήσουν.', 1, 25, 3),
(111, 'Τι έκαναν ο Οδυσσέας και οι σύντροφοί του στη χώρα των Κικόνων;', 'Γλέντησαν με τους κατοίκους που τους υποδέχτηκαν.', 'Κατέκτησαν τη χώρα και την κυβέρνησαν.', 'Οι κάτοικοι δεν τους άφησαν να μπούν στη χώρα.', 'Λεηλάτησαν τη χώρα και όσοι επέζησαν έφυγαν.', 4, 26, 3),
(112, 'Πώς επηρρέαζαν τους ανθρώπους οι λωτοί από τη χώρα των Λωτοφάγων;', 'Έδινα αθανασία.', 'Έκαναν τους ανθρώπους να ξεχνούν.', 'Άφηναν παράλυτο όποιον έτρωγε.', 'Έκαναν υπερδύναμο όποιον έτρωγε.', 2, 26, 3),
(113, 'Τι ήταν ο Πολύφημος, γιος τους Ποσειδώνα;', 'Κύκλωπας γίγαντας με ένα μάτι.', 'Μεγάλο θαλάσσιο τέρας με 9 πλοκάμια.', 'Ημίθεος ήρωας με μεγάλη δύναμη και εξυπνάδα.', 'Μάντης που έδωσε τις οδηγίες επιστροφής στον Οδυσσέα.', 1, 26, 3),
(114, 'Πώς ξέφυγε από τον Κύκλωπα Πολύφημο ο Οδυσσέας;', 'Τον μέθυσε και τον κοίμησε.', 'Τον χτύπησε στο κεφάλι.', 'Τον τύφλωσε και απέδρασαν δεμένοι στις κοιλιές των κριαριών.', 'Τον τάισε μολυσμένα κριάρια και τον σκότωσε.', 3, 26, 3),
(115, 'Με ποιο όνομα είχε συστηθεί στον Κύκλωπα Πολύφημο ο Οδυσσέας;', 'Οδυσσέας.', 'Αχιλλέας.', 'Έκτορας.', 'Κανένας.', 4, 26, 3),
(116, 'Τι ζήτησε απο τον Ποσειδώνα ο Κύκλωπας;', 'Να σκοτώσει τον Οδυσσέα.', 'Να μην καταφέρει να γυρίσει πότε ο Οδυσσέας στην Ιθάκη.', 'Να ταλαιπωρήσει πολύ τον Οδυσσέα πριν γυρίσει στην Ιθάκη.', 'Να τυφλώσει τον Οδυσσέα για εκδίκηση.', 3, 26, 3),
(117, 'Πού πήγε ο Οδυσσέας μετά το νησί των Κυκλώπων;', 'Στο νησί του θεού Αίολου.', 'Στο νησί της Κίρκης.', 'Στην Ιθάκη.', 'Στην Κρήτη.', 1, 26, 3),
(118, 'Πώς έφτασε στο νησί των Λαιστρυγόνων ο Οδυσσέας;', 'Άνοιξαν τον ασκών του Αιόλου οι συντροφοί του και τους παρέσυρε ο αέρας.', 'Είχαν λάβει χρησμό.', 'Τους οδήγησε ο Ποσειδώνας.', 'Τους οδήγησε η Αθηνά.', 1, 26, 3),
(119, 'Τι έπαθε ο Οδυσσέας με τους συντρόφους του στο νησί της Κίρκης;', 'Ερωτεύτηκε την Κίρκη και ήθελε να μείνει.', 'Η Κίρκη μετέτρεψε κάποιους συντρόφους του σε γουρούνια.', 'Η Κίρκη μετέτρεψε κάποιους συντρόφους του σε πιθήκους.', 'Η Κίρκη μετέτρεψε κάποιους τον Οδυσσέα σε γουρούνι.', 2, 26, 3),
(120, 'Πώς έσωσε τους συντρόφους του από την Κίρκη ο Οδυσσέας;', 'Την σκότωσε.', 'Την απείλησε με το σπαθί του.', 'Την έπεισε επειδή τον αγαπούσε.', 'Την εξαπάτησε και έφυγαν κρυφά.', 2, 26, 3),
(121, 'Ποιον έπρεπε να συμβουλευτεί ο Οδυσσέας για να βρει τον δρόμο για την Ιθάκη;', 'Τον μάντη Κάλχα.', 'Τον Αίολο.', 'Τον Αχιλλέα που ήταν στον Άδη.', 'Τον μάντη Τειρεσία που ήταν στον Άδη.', 4, 26, 3),
(122, 'Ποιους συνάντησε στον Άδη ο Οδυσσέας;', 'Τον Αχιλλέα, τον Αγαμέμνονα, τον Σίσυφο και την μητέρα του.', 'Τον Έκτορα, τον Αχιλλέα, τον Αγαμέμνονα και την μητέρα του.', 'Την γυναίκα του, την μητέρα του, τον Αχιλλέα και τον Αγαμέμνονα.', 'Τον Έκτορα, τον Πρίαμο και την Εκάβη.', 1, 26, 3),
(123, 'Πώς κατάφεραν και πέρασαν το νησί των Σειρήνων;', 'Τις κοίμισαν τραγουδώντας.', 'Άκουσαν τα τραγούδια τους αλλά δεν επηρεάστηκαν.', 'Βούλωσαν τα αυτιά τους και έδεσαν τον Οδυσσέα στο κατάρτι.', 'Τις σκότωσαν.', 3, 26, 3),
(124, 'Τι εννούμε οταν λέμε \"απο τη Σκύλλα στη Χάρυβδη\";', 'Από το ένα κακό στο άλλο.', 'Από το καλό στο καλύτερο.', 'Απο το κακό στο καλό.', 'Απο το καλό στο κακό.', 1, 26, 3),
(125, 'Τι ζήτησε από τους συντρόφους του ο Οδυσσέας πριν φτάσουν στο νησί του Ήλιου;', 'Να σφάξουν και να ψήσουν τα βόδια στο νησί.', 'Να ταΐσουν και να περιποιηθούν τα βόδια στο νησί.', 'Να θυσιάσουν τα βόδια στο νησί στον Δία.', 'Να πιάσουν τα βόδια ζωντανά και να τα πάρουν μαζί τους.', 2, 26, 3),
(126, 'Τι έκαναν οι σύντροφοι του Οδυσσέα στο νησί του Ήλιου;', 'Σκότωσαν και έφαγαν τα βόδια.', 'Έκαναν θυσία τα βόδια στον Δία.', 'Πήραν τα βόδια για την Ιθάκη.', 'Φρόντισαν τα βόδια και δε τα πείραξαν.', 1, 26, 3),
(127, 'Ποίος τιμώρησε τον Οδυσσέα και τους συντρόφους του για τις πράξεις τους στο νησί του Ήλιου;', 'Ο Ποσειδώνας.', 'Ο Άρης.', 'Ο Άδης.', 'Ο Δίας.', 4, 26, 3),
(128, 'Πού κατέληξε ο Οδυσσέας μέτα το νησί του Ήλιου;', 'Στο νησί των Φαιάκων.', 'Στην Ιθάκη.', 'Στο νησί της Κίρκης.', 'Στο νησί της Καλυψώς.', 4, 26, 3),
(129, 'Πόσα χρόνια έμεινε ο Οδυσσέας στο νησί της Καλυψώς;', '5', '10', '7', '3', 3, 26, 3),
(130, 'Πού βρέθηκε μετά το νησί της Καλυψώς ο Οδυσσέας;', 'Στην Ιθάκη.', 'Στο νησί των Φαιάκων.', 'Στο νησί του Ήλιου.', 'Στο νησί της Κίρκης.', 2, 26, 3),
(131, 'Πώς φέρθηκαν οι Φαίακες στον Οδυσσέα;', 'Τον φυλάκισαν για 7 χρόνια.', 'Τον έδιωξαν μακρυά από τη χώρα τους.', 'Τον εκτέλεσαν.', 'Του ετοίμασαν καράβι για να πάει στην Ιθάκη.', 4, 26, 3),
(132, 'Ποια θεά βοήθησε τον Οδυσσέα στην Ιθάκη;', 'Η Ήρα.', 'Η Άρτεμης.', 'Η Εστία.', 'Η Αθηνά.', 4, 26, 3),
(133, 'Σε τι μεταμόρφωσε τον Οδυσσέα η Αθηνά;', 'Σε γυναίκα.', 'Σε σκύλο.', 'Σε ζητιάνο.', 'Σε γάτα.', 3, 26, 3),
(134, 'Ποίος αναγνώρισε πρώτος τον μεταμορφωμένο Οδυσσέα;', 'Ο σκύλος του Άργος.', 'Ο χοιροβοσκός Εύμαιος.', 'Ο γιός του, Τηλέμαχος.', 'Η γυναίκα του, Πηνελόπη.', 1, 26, 3),
(135, 'Πώς αναγνώρισε η Ευρύκλεια τον Οδυσσέα;', 'Από ένα σημάδι στο δεξί γόνατο.', 'Από ένα σημάδι στο αριστερό γόνατο.', 'Από ένα σημάδι στο μέτωπο.', 'Της αποκαλύφθηκε μόνος του.', 1, 26, 3),
(136, 'Οι πρωτόγονοι άνθρωποι ονομάστηκαν τροφοσυλλέκτες επειδή..', 'Αποθήκευαν πολλές τροφές για το χειμώνα.', 'Καλλιεργούσαν τη γη και μάζευαν τη σοδεία.', 'Ζούσαν συλλέγοντας την τροφή τους από τη φύση.', 'Χρησιμοποιούσαν εργαλεία για να συλλέγουν την τροφή τους.', 3, 27, 3),
(137, 'Από τι υλικό ήταν τα πρώτα εργαλεία των πρωτόγονων ανθρώπων;', 'Χαλκό.', 'Σίδηρο.', 'Πέτρα.', 'Μπρούτζο.', 3, 27, 3),
(138, 'Πώς ανακάλυψαν τη φωτιά οι πρωτόγονοι άνθρωποι;', 'Τους την έδωσε ο Ήφαιστος.', 'Τη δημιουργούσαν με κεραυνούς.', 'Είχαν σπίρτα.', 'Χτυπούσαν πέτρες μεταξύ τους.', 4, 27, 3),
(139, 'Ποια ήταν τα πρώτα εργαλεία των πρωτόγονων;', 'Χάλκινα μαχαίρια και τσεκούρια.', 'Πέτρινα τσεκούρια ,τόξα και μαχαίρια.', 'Σιδερένια τσεκούρια, μαχαίρια απο πέτρα και τόξα.', 'Πέτρινα τσεκούρια και δόρια ', 2, 27, 3),
(140, 'Παλαιολιθική ονομάζεται οι εποχή που οι άνθρωποι....', 'ξεκινούν να καλλιεργούν τη γη.', 'ήταν μόνο τροφοσυλλέκτες.', 'ήταν και κυνηγοί και τροφοσυλλέκτες.', 'ξεκίνησαν να φτιάχνουν μεταλλικά εργαλεία.', 3, 27, 3),
(141, 'Ποια ήταν η αλλαγή απο των ανθρώπων απο την Παλαιολιθική στην Νεολιθική εποχή;', 'Έγιναν γεωργοί, κτηνοτρόφοι, τεχνίτες.', 'Έμαθαν να γράφουν και να διαβάζουν.', 'Έγιναν ψαράδες και φιλόσοφοι.', 'Άρχισαν να χρησιμοποιούν τον σίδηρο.', 1, 27, 3),
(142, 'Πώς ξεκίνησαν να μιλούν οι άνθρωποι στην Νεολιθική εποχή;', 'Με γραπτά κείμενα.', 'Με κραυγές.', 'Με γραπτό και προφορικό λόγο.', 'Δε μιλούσαν επικοινωνουσαν μόνο με σήματα.', 2, 27, 3),
(143, 'Πού έχει βρεθεί οικισμός της Νεολιθικής εποχής;', 'Κνωσσός (Κρήτη).', 'Πελασγία (Φθιώτιδα).', 'Παλαιόκαστο (Καρδίτσα).', 'Σέσκλο (Μαγνησία).', 4, 27, 3),
(144, 'Τι κατασκεύαζαν οι Κυκλαδίτες τεχνίτες;', 'Καράβια και άμαξες.', 'Εργαλεία απο οψιανό, πριόνια, μαχαίρια.', 'Πολυτελή σπίτια.', 'Σιδερένιες πανοπλίες και όπλα.', 2, 28, 3),
(145, 'Από τι ήταν υλικό ήταν φτιαγμένα τα ειδώλια των Κυκλαδιτών και τι αναπαριστούσαν;', 'Από οψιανό και αναπαριστούσαν παιδιά.', 'Από οψιανό και αναπαριστούσαν άνδρες και γυναίκες.', 'Από μάρμαρο και αναπαριστούσαν άνδρες και γυναίκες.', 'Από μάρμαρο και αναπαριστούσαν παιδιά.', 3, 28, 3),
(146, 'Από ποιούς επηρεάστηκαν οι Κυκλαδίτες και έκαναν τοιχογραφίες στα σπίτια τους;', 'Από τους Πρωτόγονους ανθρώπους.', 'Από τους Μυκηναίους.', 'Από τους Αθηναίους.', 'Από τους Μινωίτες.', 4, 28, 3),
(147, 'Η εποχή του Χαλκού ονομάστηκε έτσι γιατί....', 'Οι άνθρωποι ανακάλυψαν τον χακλό και φτίαχναν εργαλεία από αυτόν.', 'Οι τοιχογραφίες τις εποχής εκείνης είχαν το χρώμα το χαλκού.', 'Οι πρώτες ανασκαφές που έγιναν σε ορυχεία χαλκού.', 'Έχτιζαν τις πόρτες στα κάστρα απο χαλκό.', 1, 28, 3),
(148, 'Με τι ασχολούνταν οι Κυκλαδίτες την εποχή του Χαλκού;', 'Ήταν πολεμικός λαός και έκανε επιδρομές σε γειτονικούς λαούς.', 'Ήταν ναυτικοί, έμποροι, τεχνίτες, κτηνοτρόφοι και γεωργοί.', 'Ήταν πειρατές, κτηνοτρόφοι και γεωργοί.', 'Ασχολούνταν αποκλειστικά με το εμπόριο δια θαλασσης.', 2, 28, 3),
(149, 'Με τι τρέφονταν οι Κυκλαδίτες.', 'Ψάρια, λαχανικά, κρέας, κρασί και όσπρια.', 'Ψάρια, λαχανικά, κρασί και σιτάρι.', 'Κρέας, λαχανικά, μπύρα και οσπρια.', 'Μόνο με λαχανικά και κρέας.', 1, 28, 3),
(150, 'Τι ήταν τα κτερίσματα;', 'Χτένες τις εποχής.', 'Αυλάκια που περνούσε νερό.', 'Κοσμήματα που φορούσαν οι γυναίκες.', 'Αντικείμενα που έβαζαν στους νεκρούς.', 4, 28, 3),
(151, 'Τι ήταν τα ειδώλια;', 'Μικρές πέτρες με σχήμα ζώων.', 'Ξύλινα αγάλματα με σχήμα πουλιών.', 'Πέτρινα αγαλματακια με μορφή γυναίκας.', 'Πύλινα αγαλματακια με μορφή γυναίκας.', 4, 27, 3),
(152, 'Πώς ήταν φτιαγμένα τα σπίτια των Κυκλαδιτών;', 'Από ξύλα και άχυρα ισόγεια.', 'Διώροφα από ξύλο και λάσπη.', 'Ισόγεια απο πέτρες και λάσπη.', 'Σκαμμένα στη γή με πέτρινη στέγη.', 3, 28, 3),
(153, 'Ποια απο τα παρακάτω ανήκουν στην Νεολιθική εποχή;', 'βελόνες, μικρά σπίτια, μάλλινα υφάσματα.', 'δημητριακά, σπηλιές, δέρματα ζώων.', 'δέρματα ζώων, μικρά σπίτια, πέλεκυς', 'γάλα, σπηλιές, βελόνες', 1, 27, 3),
(154, 'Σε ποιά νησιά γινόταν εξαγωγή μαρμάρου κατα τον Κυκλαδιτικό πολιτισμό;', 'Θήρα, Μήλος.', 'Πάρος, Νάξος.', 'Πάρος, Μήλος.', 'Νάξος, Μήλος.', 2, 28, 3),
(155, 'Που γινόταν κυρίως η παραγωγή οψιανού από τους Κυκλαδίτες;', 'Θήρα', 'Πάρο', 'Νάξο', 'Μήλο', 4, 28, 3),
(156, 'Ποιες είναι οι γνωστές μεγάλες πόλεις στη Μινωική Κρήτη;', 'Ηράκλειο, Χανιά, Ρέθυμνο', 'Κνωσσός, Φαιστός, Μάλια, Ζάκρος', 'Κνωσσός, Φαιστός, Ηράκλειο, Χανιά', 'Ανώγεια, Κίσσαμος, Κνωσσός, Φαιστός', 2, 29, 3),
(157, 'Ποιο ήταν το πιό λαμπρό ανάκτορο της Κρήτης των Μινωιτών;', 'Της Φαιστού', 'Των Μαλίων', 'Της Ζάκρου', 'Της Κνωσσού', 4, 29, 3),
(158, 'Πώς προέκυψε το όνομα \"Μινωική Κρήτη\";', 'Από τη βασίλισσα Μίνα', 'Από το βασιλιά Μίνωα', 'Από το βασιλιά Μινά', 'Από τη βασίλισσα Μινωίδα', 2, 29, 3),
(159, 'Το ανάκτορο της Κνωσού το έφτιαξε...', 'Ο Ικτίνος και ο Καλλικράτης.', 'Ο Φιλοκτήτης.', 'Ο Φειδίας.', 'Ο Δαίδαλος με τον Ίκαρο.', 4, 29, 3),
(160, 'Ποιος αρχαιολόγος ανακάλυψε την Κνωσό; ', 'Ο Ανδρονικος Μανώλης.', 'Ο Ερρίκος Σλήμαν.', 'Ο Παντερμαλής Δημήτριος.', 'Ο Αρθούρος Έβανς.', 4, 29, 3),
(161, 'Γιατί οι Μινωίτες δεν είχαν τείχη στις πόλεις του.', 'Δεν ήξεραν να φτιάχνουν τείχη.', 'Ήταν πανίσχυροι στη θάλασσα και δεν τολμούσε να τους επιτεθεί κανείς.', 'Δεν υπήρχαν άλλοι λαοί στην περιοχή.', 'Δεν είχε ανακαλυφθεί το καράβι. ', 3, 29, 3),
(162, 'Ποια επαγγέλματα έκαναν οι Μινωίτες;', 'Στρατιωτικοί, δάσκαλοι, γιατροί, ναυτικοί', 'Ιερείς, αστρολόγοι, φυσικοί, υπηρέτες', 'Έμποροι, ναυτικοί, τεχνίτες, καλλιτέχνες, ψαράδες, γεωργοί, κτηνοτρόφοι', 'Πολεμιστές, αστρολόγοι, ιερείς, πειράτες', 3, 29, 3),
(163, 'Ποια ήταν η θρησκεία των Μινωιτών, σε τι πίστευαν;', 'Στους Θεούς του Ολύμπου.', 'Στη Μεγάλη Θέα, τη Μεγάλη Μητερα θεά της φύσης.', 'Λάτρεαυν μία Μεγάλη Αγελάδα.', 'Στον Ιησού και τη Μάρια', 2, 29, 3),
(164, 'Πώς παρίσταναν τη Μεγάλη Θεά;', 'Σαν γυναίκα να κρατά φίδια και περιστέρια.', 'Σα γριά γυναίκα καβάλα σε μοσχάρι.', 'Σαν μικρή κοπέλα με λουλούδια στα χέρια και στα μαλλιά.', 'Σαν γυναίκα να κρατά στάχυα και λουλούδια.', 1, 29, 3),
(166, 'Ποια ήταν η θέση της γυναίκας στην Μινωική Κρήτη;', 'Δεν μπορούσαν να κυκλοφορούν μόνες τους.', 'Είχαν τα ίδια δικαιώματα με τους άνδρες ', 'Ήταν κλεισμένες μέσα στο σπίτι.', 'Αντιμετωπίζοταν σα τα ζώα.', 2, 29, 3),
(167, 'Τι ήταν τα ταυροκαθάψια;', 'Μεγάλη γιορτή προς τιμήν της Μεγάλης Θεάς.', 'Διαδικασία καθαρισμού των ταύρων.', 'Συνταγή μαγειρικής για κρέας ταύρου.', 'Μεγάλη γιορτή προς τιμήν του Δία. ', 1, 29, 3),
(168, 'Ποια ήταν τα σύμβολα της θρησκείας των Μινωιτών;', 'Ο στραυρός και οι εικόνες τον Αγίων.', 'Τα πουλια , παπαγάλος και κουκουβάγια.', 'Ο διπλός πέλεκυς και τα κέρατα του ταύρου.', 'Το δρεπάνι και τα καράβια.', 3, 29, 3),
(169, 'Πού χρησιμοποιούσαν τις σφραγίδες οι Μινωίτες; ', 'Να σφραφίζουν τα χαρτιά στις δημόσιες υπηρεσίες.', 'Για να υπογράφουν συμφωνίες οι έμποροι.', 'Για να σφραγίζει αποφάσεις ο βασιλιάς.', 'Για να σφραγίζουν αποφάσεις οι δικαστές.', 2, 29, 3),
(170, 'Ποια ήταν τα θέματα των τοιχογραφιών των Μινωιτών.', 'Πολεμικές σκηνές από μάχες και κατακτήσεις.', 'Γεωμετρικά σχήματα και αναπαραστάσεις πλοίων.', 'Σκηνές από τις θρησκευτικές τελετές και τη φύση.', 'Αναπαραστάσεις θεών του δωδεκάθεου', 3, 29, 3),
(171, 'Πόσα χρόνια κράτησε ο Μινωικός πολιτισμός;', '2000', '1000', '500', '1500', 4, 29, 3),
(172, 'Πώς καταστράφηκε ο Μινωικός πολιτισμός;', 'Από μεγάλο σεισμό.', 'Από εισβολείς.', 'Από τσουνάμι.', 'Από λιμό.', 3, 29, 3),
(173, 'Ποιοι ήταν οι πρώτοι Έλληνες;', 'Οι Μινωίτες.', 'Οι Ίωνες.', 'Οι Αιολείς.', 'Οι Αχαιοί', 4, 30, 3),
(174, 'Από πού πήρε το όνομά του ο Μυκηναικός πολιτισμός;', 'Από το βασιλιά Μυκήνα.', 'Απο το βασιλιά Μαικήνα.', 'Από το κέντρο του πολιτισμού που ήταν οι Μυκήνες.', 'Από τη φράση \"Μην κινάς\".', 3, 30, 3),
(175, 'Ποια Μυκηναϊκά κέντρα ήταν γνωστά;', 'Μάλια, Διμήνι, Ζάκρος, Φαιστός.', 'Καλαμάτα, Μονεβασιά, Τρίπολη, Μυκήνες.', 'Ορχομενός, Αθήνα, Ιωλκός, Πύλος, Σπάρτη.', 'Τίρυνθα, Μυκήνες, Βεργίνα, Πέλλα, Τρίπολη.', 3, 30, 3),
(176, 'Ποιός αρχαιολόγος ανακάλυψε τις Μυκήνες;', 'Ο Ερρίκος Σλήμαν.', 'Ο Αρθούρος Έβανς.', 'Ο Μανώλης Ανδρόνικος.', 'Ο Δημήτριος Παντερμαλής.', 1, 30, 3),
(177, 'Γιατί ταξίδεψαν στην Κύπρο οι Μυκηναίοι;', 'Ήταν εχθροί και ήθελαν να τους κατακτήσουν.', 'Είχε εύφορο έδαφος και το ήθελαν για καλλιέργειες.', 'Ήταν ιδανικός προορισμός διακοπών.', 'Είχε άφθονο χαλκό και τον ήθελαν.', 4, 30, 3),
(178, 'Ποιές πόλεις ίδρυσαν στην Κύπρο οι Μυκηναίοι;', 'Έγκωμη, Κίτιο.', 'Λεμεσό, Κυρήνεια.', 'Έγκωμή, Λευκωσία.', 'Κίτιο, Αμμόχωστο.', 1, 30, 3),
(179, 'Τι ήταν τα Κυκλώπεια Τείχη;', 'Τείχη που είχαν κατασκευάσει οι Κύκλωπες.', 'Τείχη από τεράστιες πέτρες γύρω από την Αθήνα.', 'Τείχη από τεράστιες πέτρες γύρω από τη Σπάρτη.', 'Τείχη από τεράστιες πέτρες γύρω από τις Μυκήνες.', 4, 30, 3),
(180, 'Οι τοιχογραφίες στους τοίχους των ανακτόρων των Μυκηνών παρίσταναν....', 'Σκηνές απο θρησκευτικες τελετές.', 'Πολεμικές και σκηνές κυνηγιού.', 'Γεωμετρικά σχήματα.', 'Πουλιά, ζώα, λουλούδια και γενικά τη φύση.', 2, 30, 3),
(181, 'Γιατί ο Όμηρος ονόμασε τις Μυκήνες \"πολύχρυσες\";', 'Γιατί οι Μυκηναίοι είχαν πολύ χρυσάφι.', 'Γιατί η πόλη έλαμπε σαν χρυσάφι.', 'Γιατί η πύλη της πόλης ήταν απο χρυσάφι.', 'Γιατί η πόλη είχε χρυσά αγάλματα.', 1, 30, 3),
(182, 'Γιατί οι Μυκηναίοι έχτισαν τείχη γύρω απο τις πόλεις τους;', 'Γιατί ήταν φιλειρηνικοί και δέχοντουσαν επιδρομές.', 'Γιατί ύπηρχαν άγρια ζώα στην περιοχή.', 'Γιατί είχαν πολλούς εχθρούς. ', 'Δε τα έχτισαν αυτοί αλλα οι Κύκλωπες πριν από αυτούς.', 3, 30, 3),
(183, 'Τι ήταν ο αοιδός στις Μυκήνες;', 'Ο ιερέας της πόλης.', 'Ο στρατηγός της πόλης.', 'Τραγουδιστής που έπαιζε λύρα.', 'Ο δούλος του βασιλιά.', 3, 30, 3),
(184, 'Τι λάτρευαν οι Μυκηναίοι;', 'Την Μεγάλη Θεά και το δωδεκάθεο.', 'Ένα μεγάλο Βόδι με μεγάλα κέρατα.', 'Την Παναγία, το Χριστό και τους Αγίους.', 'Τον βασιλιά τους.', 1, 30, 3),
(185, 'Ποια ήταν η γραφή των Μυκηναίων; ', 'Τα Σανσκριτικά.', 'Η Γραμμική Β\'.', 'Τα ιερογλυφικά.', 'Τα Αραμαικά', 2, 30, 3),
(186, 'Τι υλικά χρησιμοποιούσαν οι Μυκηναίοι για την κατασκευή εργαλείων;', 'Ατσάλι, πέτρα, ελεφαντόδοντο, κρύσταλλο, χαλκό, πηλό.', 'Χαλκό, πέτρα, αλουμίνιο, κρύσταλλο, χαλκό, πηλό.', 'Χαλκό, πέτρα, ελεφαντόδοντο, κρύσταλλο, χαλκό, πηλό.', 'Χαλκό, σίδηρο, ατσάλι, κρύσταλλο, χαλκό, πηλό.', 3, 30, 3);

-- --------------------------------------------------------

--
-- Table structure for table `random_ranks`
--

CREATE TABLE `random_ranks` (
  `class` int(15) NOT NULL,
  `points` int(15) NOT NULL,
  `userID` int(15) NOT NULL
) ENGINE=InnoDB DEFAULT CHARSET=utf8mb4;

--
-- Dumping data for table `random_ranks`
--

INSERT INTO `random_ranks` (`class`, `points`, `userID`) VALUES
(3, 40, 29),
(7, 40, 29);

-- --------------------------------------------------------

--
-- Table structure for table `roles`
--

CREATE TABLE `roles` (
  `id` int(15) NOT NULL,
  `description` varchar(50) NOT NULL
) ENGINE=InnoDB DEFAULT CHARSET=utf8mb4;

--
-- Dumping data for table `roles`
--

INSERT INTO `roles` (`id`, `description`) VALUES
(1, 'Student'),
(2, 'Teacher');

-- --------------------------------------------------------

--
-- Table structure for table `studentsdep`
--

CREATE TABLE `studentsdep` (
  `id` int(15) NOT NULL,
  `studentid` int(15) NOT NULL,
  `dep` int(15) NOT NULL
) ENGINE=InnoDB DEFAULT CHARSET=utf8mb4;

--
-- Dumping data for table `studentsdep`
--

INSERT INTO `studentsdep` (`id`, `studentid`, `dep`) VALUES
(8, 29, 3);

-- --------------------------------------------------------

--
-- Table structure for table `users`
--

CREATE TABLE `users` (
  `id` int(15) NOT NULL,
  `name` varchar(50) NOT NULL,
  `last_name` varchar(50) NOT NULL,
  `username` varchar(50) NOT NULL,
  `password` varchar(50) NOT NULL,
  `role_id` int(15) NOT NULL,
  `class` int(15) NOT NULL
) ENGINE=InnoDB DEFAULT CHARSET=utf8mb4;

--
-- Dumping data for table `users`
--

INSERT INTO `users` (`id`, `name`, `last_name`, `username`, `password`, `role_id`, `class`) VALUES
(29, 'sa', 'sa', 'sa', 'sa', 1, 3),
(30, 'fa', 'fa', 'fa', 'fa', 2, 0),
(31, 'va', 'va', 'va', 'va', 1, 4);

--
-- Indexes for dumped tables
--

--
-- Indexes for table `assignments`
--
ALTER TABLE `assignments`
  ADD PRIMARY KEY (`id`),
  ADD KEY `dep_fk` (`dep`);

--
-- Indexes for table `assignments_scores`
--
ALTER TABLE `assignments_scores`
  ADD KEY `assigment_fk` (`id`),
  ADD KEY `student_fk` (`studentid`);

--
-- Indexes for table `chapters`
--
ALTER TABLE `chapters`
  ADD PRIMARY KEY (`id`),
  ADD KEY `class10_fk` (`class`);

--
-- Indexes for table `classes`
--
ALTER TABLE `classes`
  ADD PRIMARY KEY (`id`);

--
-- Indexes for table `classic_ranks`
--
ALTER TABLE `classic_ranks`
  ADD PRIMARY KEY (`id`),
  ADD KEY `user2_fk` (`user_id`),
  ADD KEY `chapter2_fk` (`chapter`);

--
-- Indexes for table `departments`
--
ALTER TABLE `departments`
  ADD PRIMARY KEY (`id`),
  ADD UNIQUE KEY `name` (`name`),
  ADD UNIQUE KEY `id` (`id`),
  ADD KEY `teacher_fk` (`teacher`),
  ADD KEY `class6_fk` (`class`);

--
-- Indexes for table `quests`
--
ALTER TABLE `quests`
  ADD PRIMARY KEY (`id`),
  ADD KEY `chapters2_fk` (`chapterID`),
  ADD KEY `class5_fk` (`class`);

--
-- Indexes for table `random_ranks`
--
ALTER TABLE `random_ranks`
  ADD UNIQUE KEY `class` (`class`,`userID`),
  ADD KEY `user4_fk` (`userID`);

--
-- Indexes for table `roles`
--
ALTER TABLE `roles`
  ADD PRIMARY KEY (`id`);

--
-- Indexes for table `studentsdep`
--
ALTER TABLE `studentsdep`
  ADD PRIMARY KEY (`id`),
  ADD KEY `dep1_fk` (`dep`),
  ADD KEY `studentid` (`studentid`);

--
-- Indexes for table `users`
--
ALTER TABLE `users`
  ADD PRIMARY KEY (`id`),
  ADD KEY `class_fk` (`class`),
  ADD KEY `user_fk` (`role_id`);

--
-- AUTO_INCREMENT for dumped tables
--

--
-- AUTO_INCREMENT for table `assignments`
--
ALTER TABLE `assignments`
  MODIFY `id` int(15) NOT NULL AUTO_INCREMENT, AUTO_INCREMENT=23;

--
-- AUTO_INCREMENT for table `chapters`
--
ALTER TABLE `chapters`
  MODIFY `id` int(15) NOT NULL AUTO_INCREMENT, AUTO_INCREMENT=120;

--
-- AUTO_INCREMENT for table `classic_ranks`
--
ALTER TABLE `classic_ranks`
  MODIFY `id` int(11) NOT NULL AUTO_INCREMENT, AUTO_INCREMENT=16;

--
-- AUTO_INCREMENT for table `departments`
--
ALTER TABLE `departments`
  MODIFY `id` int(15) NOT NULL AUTO_INCREMENT, AUTO_INCREMENT=5;

--
-- AUTO_INCREMENT for table `quests`
--
ALTER TABLE `quests`
  MODIFY `id` int(15) NOT NULL AUTO_INCREMENT, AUTO_INCREMENT=187;

--
-- AUTO_INCREMENT for table `studentsdep`
--
ALTER TABLE `studentsdep`
  MODIFY `id` int(15) NOT NULL AUTO_INCREMENT, AUTO_INCREMENT=9;

--
-- AUTO_INCREMENT for table `users`
--
ALTER TABLE `users`
  MODIFY `id` int(15) NOT NULL AUTO_INCREMENT, AUTO_INCREMENT=32;

--
-- Constraints for dumped tables
--

--
-- Constraints for table `assignments`
--
ALTER TABLE `assignments`
  ADD CONSTRAINT `dep_fk` FOREIGN KEY (`dep`) REFERENCES `departments` (`id`);

--
-- Constraints for table `assignments_scores`
--
ALTER TABLE `assignments_scores`
  ADD CONSTRAINT `assigment_fk` FOREIGN KEY (`id`) REFERENCES `assignments` (`id`),
  ADD CONSTRAINT `student_fk` FOREIGN KEY (`studentid`) REFERENCES `users` (`id`);

--
-- Constraints for table `chapters`
--
ALTER TABLE `chapters`
  ADD CONSTRAINT `class10_fk` FOREIGN KEY (`class`) REFERENCES `classes` (`id`);

--
-- Constraints for table `classic_ranks`
--
ALTER TABLE `classic_ranks`
  ADD CONSTRAINT `chapter2_fk` FOREIGN KEY (`chapter`) REFERENCES `chapters` (`id`),
  ADD CONSTRAINT `user2_fk` FOREIGN KEY (`user_id`) REFERENCES `users` (`id`);

--
-- Constraints for table `departments`
--
ALTER TABLE `departments`
  ADD CONSTRAINT `class6_fk` FOREIGN KEY (`class`) REFERENCES `classes` (`id`),
  ADD CONSTRAINT `teacher_fk` FOREIGN KEY (`teacher`) REFERENCES `users` (`id`);

--
-- Constraints for table `quests`
--
ALTER TABLE `quests`
  ADD CONSTRAINT `chapters2_fk` FOREIGN KEY (`chapterID`) REFERENCES `chapters` (`id`),
  ADD CONSTRAINT `class5_fk` FOREIGN KEY (`class`) REFERENCES `classes` (`id`);

--
-- Constraints for table `random_ranks`
--
ALTER TABLE `random_ranks`
  ADD CONSTRAINT `class3_fk` FOREIGN KEY (`class`) REFERENCES `classes` (`id`),
  ADD CONSTRAINT `user4_fk` FOREIGN KEY (`userID`) REFERENCES `users` (`id`);

--
-- Constraints for table `studentsdep`
--
ALTER TABLE `studentsdep`
  ADD CONSTRAINT `dep1_fk` FOREIGN KEY (`dep`) REFERENCES `departments` (`id`),
  ADD CONSTRAINT `studentsdep_ibfk_1` FOREIGN KEY (`studentid`) REFERENCES `users` (`id`) ON DELETE NO ACTION ON UPDATE NO ACTION;

--
-- Constraints for table `users`
--
ALTER TABLE `users`
  ADD CONSTRAINT `class_fk` FOREIGN KEY (`class`) REFERENCES `classes` (`id`),
  ADD CONSTRAINT `user_fk` FOREIGN KEY (`role_id`) REFERENCES `roles` (`id`);
COMMIT;

/*!40101 SET CHARACTER_SET_CLIENT=@OLD_CHARACTER_SET_CLIENT */;
/*!40101 SET CHARACTER_SET_RESULTS=@OLD_CHARACTER_SET_RESULTS */;
/*!40101 SET COLLATION_CONNECTION=@OLD_COLLATION_CONNECTION */;
